24,1,"Tue Oct 18 23:35:33 2022",1,inst,1379,""
24,2,"Tue Oct 18 23:35:34 2022",1,image,1411,1
24,3,"Tue Oct 18 23:35:36 2022",1,multi,1270,1
24,4,"Tue Oct 18 23:35:37 2022",1,multi,976,1
24,5,"Tue Oct 18 23:35:37 2022",1,multi,425,1
24,6,"Tue Oct 18 23:35:37 2022",1,multi,275,1
24,7,"Tue Oct 18 23:35:38 2022",1,multi,269,1
24,8,"Tue Oct 18 23:35:38 2022",1,multi,290,1
24,9,"Tue Oct 18 23:35:38 2022",1,multi,198,1
24,10,"Tue Oct 18 23:35:38 2022",1,multi,219,1
24,11,"Tue Oct 18 23:35:40 2022",1,inst,1412,""
24,12,"Tue Oct 18 23:35:41 2022",1,multi,1101,1
24,13,"Tue Oct 18 23:35:41 2022",1,multi,162,1
24,14,"Tue Oct 18 23:35:42 2022",1,multi,238,1
24,15,"Tue Oct 18 23:35:42 2022",1,multi,152,1
24,16,"Tue Oct 18 23:35:42 2022",1,multi,156,1
24,17,"Tue Oct 18 23:35:42 2022",1,multi,176,1
24,18,"Tue Oct 18 23:35:42 2022",1,multi,182,1
24,19,"Tue Oct 18 23:35:43 2022",1,multi,218,1
24,20,"Tue Oct 18 23:35:43 2022",1,multi,178,1
24,21,"Tue Oct 18 23:35:43 2022",1,multi,204,1
24,22,"Tue Oct 18 23:35:43 2022",1,multi,191,1
24,23,"Tue Oct 18 23:35:43 2022",1,multi,192,1
24,24,"Tue Oct 18 23:35:44 2022",1,multi,190,1
24,25,"Tue Oct 18 23:35:44 2022",1,multi,168,1
24,26,"Tue Oct 18 23:35:44 2022",1,multi,170,1
24,27,"Tue Oct 18 23:35:45 2022",1,inst,1259,""
24,28,"Tue Oct 18 23:35:46 2022",1,multi,1070,1
24,29,"Tue Oct 18 23:35:47 2022",1,multi,140,1
24,30,"Tue Oct 18 23:35:47 2022",1,multi,148,1
24,31,"Tue Oct 18 23:35:47 2022",1,multi,150,1
24,32,"Tue Oct 18 23:35:47 2022",1,multi,158,1
24,33,"Tue Oct 18 23:35:47 2022",1,multi,145,1
24,34,"Tue Oct 18 23:35:49 2022",1,short,1594,"22"
24,35,"Tue Oct 18 23:35:50 2022",1,inst,1522,""
24,36,"Tue Oct 18 23:35:52 2022",1,multi,1873,1
24,37,"Tue Oct 18 23:35:52 2022",1,multi,165,1
24,38,"Tue Oct 18 23:35:53 2022",1,multi,155,1
24,39,"Tue Oct 18 23:35:53 2022",1,multi,162,1
24,40,"Tue Oct 18 23:35:53 2022",1,multi,188,1
24,41,"Tue Oct 18 23:35:53 2022",1,multi,181,1
24,42,"Tue Oct 18 23:35:55 2022",1,inst,1470,""
24,43,"Tue Oct 18 23:36:09 2022",X,multicheck,14540,"1010100"
24,44,"Tue Oct 18 23:36:11 2022",1,multi,1524,1
24,45,"Tue Oct 18 23:36:11 2022",1,multi,195,1
24,46,"Tue Oct 18 23:36:11 2022",1,multi,162,1
24,47,"Tue Oct 18 23:36:11 2022",1,multi,138,1
24,48,"Tue Oct 18 23:36:12 2022",1,multi,151,1
24,49,"Tue Oct 18 23:36:12 2022",1,multi,141,1
24,50,"Tue Oct 18 23:36:12 2022",1,multi,127,1
24,51,"Tue Oct 18 23:36:12 2022",1,multi,133,1
24,52,"Tue Oct 18 23:36:13 2022",1,inst,1372,""
24,53,"Tue Oct 18 23:36:15 2022",1,multi,1239,1
24,54,"Tue Oct 18 23:36:15 2022",1,multi,153,1
24,55,"Tue Oct 18 23:36:16 2022",1,image,1328,1
24,56,"Tue Oct 18 23:36:18 2022",1,multi,1326,1
24,57,"Tue Oct 18 23:36:18 2022",1,multi,513,1
24,58,"Tue Oct 18 23:36:18 2022",1,multi,348,1
24,59,"Tue Oct 18 23:36:19 2022",1,multi,291,1
24,60,"Tue Oct 18 23:36:19 2022",1,multi,326,1
24,61,"Tue Oct 18 23:36:20 2022",1,multi,364,1
24,62,"Tue Oct 18 23:36:21 2022",1,image,1343,1
24,63,"Tue Oct 18 23:36:22 2022",1,multi,1460,1
24,64,"Tue Oct 18 23:36:23 2022",1,multi,328,1
24,65,"Tue Oct 18 23:36:23 2022",1,multi,191,1
24,66,"Tue Oct 18 23:36:23 2022",1,multi,175,1
24,67,"Tue Oct 18 23:36:23 2022",1,multi,156,1
24,68,"Tue Oct 18 23:36:23 2022",1,multi,162,1
24,69,"Tue Oct 18 23:36:24 2022",1,multi,172,1
24,70,"Tue Oct 18 23:36:24 2022",1,multi,379,1
